campaign_id,total_revenue,users,cost,LTV,CAC,ROI
C01,4674.64,246,1200,19.00260162601626,4.878048780487805,2.8955333333333333
C02,4413.8,228,950,19.358771929824563,4.166666666666667,3.6461052631578945
C03,4273.53,245,700,17.442979591836735,2.857142857142857,5.105042857142857
