step,users,conversion_rate
app_open,967,1.0
level_complete,833,0.8614270941054809
purchase,597,0.6173733195449845
